;name;unit;threshold;WUH_measured;name;unit;threshold;TIE_measured;name;unit;threshold;TEG_measured;name;unit;threshold;STO_measured;name;unit;threshold;SPA_measured;name;unit;threshold;KAU_measured;name;unit;threshold;BEE_measured;name;unit;threshold;KLA_measured
0;Escherichia coli;/100ml;0,0;0,0;Escherichia coli;/100ml;0,0;0,0;Escherichia coli;/100ml;0,0;0,0;Escherichia coli;/100ml;0,0;0,0;Escherichia coli;/100ml;0,0;0,0;Escherichia coli;/100ml;0,0;0,0;Escherichia coli;/100ml;0,0;0,0;Escherichia coli;/100ml;0,0;0,0
1;Cyanid ges.;mg/l;0,05;0,003;Cyanid ges.;mg/l;0,05;0,003;Cyanid ges.;mg/l;0,05;0,003;Cyanid ges.;mg/l;0,05;0,003;Cyanid ges.;mg/l;0,05;0,003;Cyanid ges.;mg/l;0,05;0,003;Cyanid ges.;mg/l;0,05;<0,003;Cyanid ges.;mg/l;0,05;<0,003
2;Kontrollwert NO3/NO2;mg/l;1,00;0,09;Kontrollwert NO3/NO2;mg/l;1,00;0,08;Kontrollwert NO3/NO2;mg/l;1,00;0,08;Kontrollwert NO3/NO2;mg/l;1,00;0,07;Kontrollwert NO3/NO2;mg/l;1,00;0,03;Kontrollwert NO3/NO2;mg/l;1,00;0,03;Kontrollwert NO3/NO2;mg/l;1,00;0,07;Kontrollwert NO3/NO2;mg/l;1,00;0,06
3;Clostridium perfringens;/100ml;0;0;Clostridium perfringens;/100ml;0;0;Clostridium perfringens;/100ml;0;0;Clostridium perfringens;/100ml;0;0;Clostridium perfringens;/100ml;0;0;Clostridium perfringens;/100ml;0;0;Clostridium perfringens;/100ml;0;0;Clostridium perfringens;/100ml;0;0
4;Coliforme Bakterien;/100ml;0,0;0,0;Coliforme Bakterien;/100ml;0,0;0,0;Coliforme Bakterien;/100ml;0,0;0,0;Coliforme Bakterien;/100ml;0,0;0,0;Coliforme Bakterien;/100ml;0,0;0,0;Coliforme Bakterien;/100ml;0,0;0,0;Coliforme Bakterien;/100ml;0,0;0,0;Coliforme Bakterien;/100ml;0,0;0,0
5;Koloniezahl 22°C;/ml;100;0;Koloniezahl 22°C;/ml;100;0;Koloniezahl 22°C;/ml;100;0;Koloniezahl 22°C;/ml;100;0;Koloniezahl 22°C;/ml;100;0;Koloniezahl 22°C;/ml;100;0;Koloniezahl 22°C;/ml;100;0;Koloniezahl 22°C;/ml;100;0
6;Koloniezahl 36°C;/ml;100;0;Koloniezahl 36°C;/ml;100;0;Koloniezahl 36°C;/ml;100;0;Koloniezahl 36°C;/ml;100;0;Koloniezahl 36°C;/ml;100;0;Koloniezahl 36°C;/ml;100;0;Koloniezahl 36°C;/ml;100;0;Koloniezahl 36°C;/ml;100;0
7;Kontrollwert Calcitlösekapazität;mgCaCO3/l;5,0;-13,9;Kontrollwert Calcitlösekapazität;mgCaCO3/l;5,0;-16,9;Kontrollwert Calcitlösekapazität;mgCaCO3/l;5,0;-3,9;Kontrollwert Calcitlösekapazität;mgCaCO3/l;5,0;-8,3;Kontrollwert Calcitlösekapazität;mgCaCO3/l;5,0;-10,1;Kontrollwert Calcitlösekapazität;mgCaCO3/l;5,0;4,6;Kontrollwert Calcitlösekapazität;mgCaCO3/l;5,0;-10,9;Kontrollwert Calcitlösekapazität;mgCaCO3/l;5,0;-9,5
8;Säurekapazität KS 4,3;mmol/l;;;Säurekapazität KS 4,3;mmol/l;;;Säurekapazität KS 4,3;mmol/l;;;Säurekapazität KS 4,3;mmol/l;;;Säurekapazität KS 4,3;mmol/l;;;Säurekapazität KS 4,3;mmol/l;;;Säurekapazität KS 4,3;mmol/l;;4.06;Säurekapazität KS 4,3;mmol/l;;4.06
9;Basekapazität  KB 8,2;mmol/l;;;Basekapazität  KB 8,2;mmol/l;;;Basekapazität  KB 8,2;mmol/l;;;Basekapazität  KB 8,2;mmol/l;;;Basekapazität  KB 8,2;mmol/l;;;Basekapazität  KB 8,2;mmol/l;;;Basekapazität  KB 8,2;mmol/l;;0.27;Basekapazität  KB 8,2;mmol/l;;0.27
10;Clostridium perfringens;/100ml;0;0;Clostridium perfringens;/100ml;0;0;Clostridium perfringens;/100ml;0;0;Clostridium perfringens;/100ml;0;0;Clostridium perfringens;/100ml;0;0;Clostridium perfringens;/100ml;0;0;Clostridium perfringens;/100ml;0;0;Clostridium perfringens;/100ml;0;0
11;Coliforme Bakterien;/100ml;0,0;0,0;Coliforme Bakterien;/100ml;0,0;0,0;Coliforme Bakterien;/100ml;0,0;0,0;Coliforme Bakterien;/100ml;0,0;0,0;Coliforme Bakterien;/100ml;0,0;0,0;Coliforme Bakterien;/100ml;0,0;0,0;Coliforme Bakterien;/100ml;0,0;0,0;Coliforme Bakterien;/100ml;0,0;0,0
12;Koloniezahl 22°C;/ml;100;0;Koloniezahl 22°C;/ml;100;0;Koloniezahl 22°C;/ml;100;0;Koloniezahl 22°C;/ml;100;0;Koloniezahl 22°C;/ml;100;0;Koloniezahl 22°C;/ml;100;0;Koloniezahl 22°C;/ml;100;0;Koloniezahl 22°C;/ml;100;0
13;Koloniezahl 36°C;/ml;100;0;Koloniezahl 36°C;/ml;100;0;Koloniezahl 36°C;/ml;100;0;Koloniezahl 36°C;/ml;100;0;Koloniezahl 36°C;/ml;100;0;Koloniezahl 36°C;/ml;100;0;Koloniezahl 36°C;/ml;100;0;Koloniezahl 36°C;/ml;100;0
14;Gaba Lactam;µg/l;1;0,01;Gaba Lactam;µg/l;1;0,01;Gaba Lactam;µg/l;1;0,10;Gaba Lactam;µg/l;1;0,01;Gaba Lactam;µg/l;1;0,01;Gaba Lactam;µg/l;1;0,01;Gaba Lactam;µg/l;1;0,02;Gaba Lactam;µg/l;1;0,01
15;Enterokokken;/100ml;0;0;Enterokokken;/100ml;0;0;Enterokokken;/100ml;0;0;Enterokokken;/100ml;0;0;Enterokokken;/100ml;0;0;Enterokokken;/100ml;0;0;Enterokokken;/100ml;0;0;Enterokokken;/100ml;0;0
16;Benzol;mg/l;0,001;0,0001;Benzol;mg/l;0,001;0,0001;Benzol;mg/l;0,001;0,0001;Benzol;mg/l;0,001;0,0001;Benzol;mg/l;0,001;0,0001;Benzol;mg/l;0,001;0,0001;Benzol;mg/l;0,001;<0,0001;Benzol;mg/l;0,001;<0,0001
17;Bor;mg/l;1,0;0,13;Bor;mg/l;1,0;0,054;Bor;mg/l;1,0;0,10;Bor;mg/l;1,0;0,061;Bor;mg/l;1,0;0,049;Bor;mg/l;1,0;0,070;Bor;mg/l;1,0;0,070;Bor;mg/l;1,0;0,057
18;Chrom;mg/l;0,05;0,001;Chrom;mg/l;0,05;0,001;Chrom;mg/l;0,05;0,001;Chrom;mg/l;0,05;0,001;Chrom;mg/l;0,05;0,001;Chrom;mg/l;0,05;0,001;Chrom;mg/l;0,05;<0,001;Chrom;mg/l;0,05;<0,001
19;1,2-Dichlorethan;mg/l;0,003;0,0005;1,2-Dichlorethan;mg/l;0,003;0,0005;1,2-Dichlorethan;mg/l;0,003;0,0005;1,2-Dichlorethan;mg/l;0,003;0,0005;1,2-Dichlorethan;mg/l;0,003;0,0005;1,2-Dichlorethan;mg/l;0,003;0,0005;1,2-Dichlorethan;mg/l;0,003;<0,0005;1,2-Dichlorethan;mg/l;0,003;<0,0005
20;Fluorid;mg/l;1,5;0,28;Fluorid;mg/l;1,5;0,15;Fluorid;mg/l;1,5;0,23;Fluorid;mg/l;1,5;0,19;Fluorid;mg/l;1,5;0,17;Fluorid;mg/l;1,5;0,23;Fluorid;mg/l;1,5;0,20;Fluorid;mg/l;1,5;0,19
21;Nitrat;mg/l;50,00;4,21;Nitrat;mg/l;50,00;3,90;Nitrat;mg/l;50,00;3,54;Nitrat;mg/l;50,00;3,05;Nitrat;mg/l;50,00;1,15;Nitrat;mg/l;50,00;1,37;Nitrat;mg/l;50,00;3,36;Nitrat;mg/l;50,00;2,52
22;Pflanzenschutzmittel-Wirkstoffe und Biozidprodukt-Wirkstoffe insgesamt;mg/l;0.0005;;Pflanzenschutzmittel-Wirkstoffe und Biozidprodukt-Wirkstoffe insgesamt;mg/l;0.0005;;Pflanzenschutzmittel-Wirkstoffe und Biozidprodukt-Wirkstoffe insgesamt;mg/l;0.0005;;Pflanzenschutzmittel-Wirkstoffe und Biozidprodukt-Wirkstoffe insgesamt;mg/l;0.0005;;Pflanzenschutzmittel-Wirkstoffe und Biozidprodukt-Wirkstoffe insgesamt;mg/l;0.0005;;Pflanzenschutzmittel-Wirkstoffe und Biozidprodukt-Wirkstoffe insgesamt;mg/l;0.0005;;Pflanzenschutzmittel-Wirkstoffe und Biozidprodukt-Wirkstoffe insgesamt;mg/l;0.0005;0.00017;Pflanzenschutzmittel-Wirkstoffe und Biozidprodukt-Wirkstoffe insgesamt;mg/l;0.0005;0.00017
23;a-HCH;mg/l;0,0001;0,00001;a-HCH;mg/l;0,0001;0,00001;a-HCH;mg/l;0,0001;0,00001;a-HCH;mg/l;0,0001;0,00001;a-HCH;mg/l;0,0001;0,00001;a-HCH;mg/l;0,0001;0,00001;a-HCH;mg/l;0,0001;<0,00001;a-HCH;mg/l;0,0001;<0,00001
24;b-HCH;mg/l;0,0001;0,00001;b-HCH;mg/l;0,0001;0,00001;b-HCH;mg/l;0,0001;0,00001;b-HCH;mg/l;0,0001;0,00001;b-HCH;mg/l;0,0001;0,00001;b-HCH;mg/l;0,0001;0,00001;b-HCH;mg/l;0,0001;<0,00001;b-HCH;mg/l;0,0001;<0,00001
25;g-HCH;mg/l;0,0001;0,00001;g-HCH;mg/l;0,0001;0,00001;g-HCH;mg/l;0,0001;0,00001;g-HCH;mg/l;0,0001;0,00001;g-HCH;mg/l;0,0001;0,00001;g-HCH;mg/l;0,0001;0,00001;g-HCH;mg/l;0,0001;<0,00001;g-HCH;mg/l;0,0001;<0,00001
26;d-HCH;mg/l;0,0001;0,00001;d-HCH;mg/l;0,0001;0,00001;d-HCH;mg/l;0,0001;0,00001;d-HCH;mg/l;0,0001;0,00001;d-HCH;mg/l;0,0001;0,00001;d-HCH;mg/l;0,0001;0,00001;d-HCH;mg/l;0,0001;<0,00001;d-HCH;mg/l;0,0001;<0,00001
27;e-HCH;mg/l;0,0001;0,00001;e-HCH;mg/l;0,0001;0,00001;e-HCH;mg/l;0,0001;0,00001;e-HCH;mg/l;0,0001;0,00001;e-HCH;mg/l;0,0001;0,00001;e-HCH;mg/l;0,0001;0,00001;e-HCH;mg/l;0,0001;<0,00001;e-HCH;mg/l;0,0001;<0,00001
28;o,p-DDE;mg/l;0,0001;0,00001;o,p-DDE;mg/l;0,0001;0,00001;o,p-DDE;mg/l;0,0001;0,00001;o,p-DDE;mg/l;0,0001;0,00001;o,p-DDE;mg/l;0,0001;0,00001;o,p-DDE;mg/l;0,0001;0,00001;o,p-DDE;mg/l;0,0001;<0,00001;o,p-DDE;mg/l;0,0001;<0,00001
29;p,p-DDE;mg/l;0,0001;0,00001;p,p-DDE;mg/l;0,0001;0,00001;p,p-DDE;mg/l;0,0001;0,00001;p,p-DDE;mg/l;0,0001;0,00001;p,p-DDE;mg/l;0,0001;0,00001;p,p-DDE;mg/l;0,0001;0,00001;p,p-DDE;mg/l;0,0001;<0,00001;p,p-DDE;mg/l;0,0001;<0,00001
30;o,p-DDD;mg/l;0,0001;0,00001;o,p-DDD;mg/l;0,0001;0,00001;o,p-DDD;mg/l;0,0001;0,00001;o,p-DDD;mg/l;0,0001;0,00001;o,p-DDD;mg/l;0,0001;0,00001;o,p-DDD;mg/l;0,0001;0,00001;o,p-DDD;mg/l;0,0001;<0,00001;o,p-DDD;mg/l;0,0001;<0,00001
31;p,p-DDD;mg/l;0,0001;0,00001;p,p-DDD;mg/l;0,0001;0,00001;p,p-DDD;mg/l;0,0001;0,00001;p,p-DDD;mg/l;0,0001;0,00001;p,p-DDD;mg/l;0,0001;0,00001;p,p-DDD;mg/l;0,0001;0,00001;p,p-DDD;mg/l;0,0001;<0,00001;p,p-DDD;mg/l;0,0001;<0,00001
32;o,p-DDT;mg/l;0,0001;0,00001;o,p-DDT;mg/l;0,0001;0,00001;o,p-DDT;mg/l;0,0001;0,00001;o,p-DDT;mg/l;0,0001;0,00001;o,p-DDT;mg/l;0,0001;0,00001;o,p-DDT;mg/l;0,0001;0,00001;o,p-DDT;mg/l;0,0001;<0,00001;o,p-DDT;mg/l;0,0001;<0,00001
33;p,p-DDT;mg/l;0,0001;0,00001;p,p-DDT;mg/l;0,0001;0,00001;p,p-DDT;mg/l;0,0001;0,00001;p,p-DDT;mg/l;0,0001;0,00001;p,p-DDT;mg/l;0,0001;0,00001;p,p-DDT;mg/l;0,0001;0,00001;p,p-DDT;mg/l;0,0001;<0,00001;p,p-DDT;mg/l;0,0001;<0,00001
34;Aldrin;mg/l;0,00003;0,000005;Aldrin;mg/l;0,00003;0,000005;Aldrin;mg/l;0,00003;0,000005;Aldrin;mg/l;0,00003;0,000005;Aldrin;mg/l;0,00003;0,000005;Aldrin;mg/l;0,00003;0,000005;Aldrin;mg/l;0,00003;<0,000005;Aldrin;mg/l;0,00003;<0,000005
35;Isodrin;mg/l;0,0001;0,00001;Isodrin;mg/l;0,0001;0,00001;Isodrin;mg/l;0,0001;0,00001;Isodrin;mg/l;0,0001;0,00001;Isodrin;mg/l;0,0001;0,00001;Isodrin;mg/l;0,0001;0,00001;Isodrin;mg/l;0,0001;<0,00001;Isodrin;mg/l;0,0001;<0,00001
36;Mirex;mg/l;0,0001;0,00001;Mirex;mg/l;0,0001;0,00001;Mirex;mg/l;0,0001;0,00001;Mirex;mg/l;0,0001;0,00001;Mirex;mg/l;0,0001;0,00001;Mirex;mg/l;0,0001;0,00001;Mirex;mg/l;0,0001;<0,00001;Mirex;mg/l;0,0001;<0,00001
37;Dieldrin;mg/l;0,00003;0,000005;Dieldrin;mg/l;0,00003;0,000005;Dieldrin;mg/l;0,00003;0,000005;Dieldrin;mg/l;0,00003;0,000005;Dieldrin;mg/l;0,00003;0,000005;Dieldrin;mg/l;0,00003;0,000005;Dieldrin;mg/l;0,00003;<0,000005;Dieldrin;mg/l;0,00003;<0,000005
38;Endrin;mg/l;0,0001;0,00001;Endrin;mg/l;0,0001;0,00001;Endrin;mg/l;0,0001;0,00001;Endrin;mg/l;0,0001;0,00001;Endrin;mg/l;0,0001;0,00001;Endrin;mg/l;0,0001;0,00001;Endrin;mg/l;0,0001;<0,00001;Endrin;mg/l;0,0001;<0,00001
39;Heptachlor;mg/l;0,00003;0,000005;Heptachlor;mg/l;0,00003;0,000005;Heptachlor;mg/l;0,00003;0,000005;Heptachlor;mg/l;0,00003;0,000005;Heptachlor;mg/l;0,00003;0,000005;Heptachlor;mg/l;0,00003;0,000005;Heptachlor;mg/l;0,00003;<0,000005;Heptachlor;mg/l;0,00003;<0,000005
40;cis-Heptachlorepoxid;mg/l;0,00003;0,000005;cis-Heptachlorepoxid;mg/l;0,00003;0,000005;cis-Heptachlorepoxid;mg/l;0,00003;0,000005;cis-Heptachlorepoxid;mg/l;0,00003;0,000005;cis-Heptachlorepoxid;mg/l;0,00003;0,000005;cis-Heptachlorepoxid;mg/l;0,00003;0,000005;cis-Heptachlorepoxid;mg/l;0,00003;<0,000005;cis-Heptachlorepoxid;mg/l;0,00003;<0,000005
41;trans-Heptachlorepoxid;mg/l;0,00003;0,000005;trans-Heptachlorepoxid;mg/l;0,00003;0,000005;trans-Heptachlorepoxid;mg/l;0,00003;0,000005;trans-Heptachlorepoxid;mg/l;0,00003;0,000005;trans-Heptachlorepoxid;mg/l;0,00003;0,000005;trans-Heptachlorepoxid;mg/l;0,00003;0,000005;trans-Heptachlorepoxid;mg/l;0,00003;<0,000005;trans-Heptachlorepoxid;mg/l;0,00003;<0,000005
42;alpha-Endosulfan;mg/l;0,0001;0,00001;alpha-Endosulfan;mg/l;0,0001;0,00001;alpha-Endosulfan;mg/l;0,0001;0,00001;alpha-Endosulfan;mg/l;0,0001;0,00001;alpha-Endosulfan;mg/l;0,0001;0,00001;alpha-Endosulfan;mg/l;0,0001;0,00001;alpha-Endosulfan;mg/l;0,0001;<0,00001;alpha-Endosulfan;mg/l;0,0001;<0,00001
43;beta-Endosulfan;mg/l;0,0001;0,00001;beta-Endosulfan;mg/l;0,0001;0,00001;beta-Endosulfan;mg/l;0,0001;0,00001;beta-Endosulfan;mg/l;0,0001;0,00001;beta-Endosulfan;mg/l;0,0001;0,00001;beta-Endosulfan;mg/l;0,0001;0,00001;beta-Endosulfan;mg/l;0,0001;<0,00001;beta-Endosulfan;mg/l;0,0001;<0,00001
44;alpha-Chlordan;mg/l;0,0001;0,00001;alpha-Chlordan;mg/l;0,0001;0,00001;alpha-Chlordan;mg/l;0,0001;0,00001;alpha-Chlordan;mg/l;0,0001;0,00001;alpha-Chlordan;mg/l;0,0001;0,00001;alpha-Chlordan;mg/l;0,0001;0,00001;alpha-Chlordan;mg/l;0,0001;<0,00001;alpha-Chlordan;mg/l;0,0001;<0,00001
45;gamma-Chlordan;mg/l;0,0001;0,00001;gamma-Chlordan;mg/l;0,0001;0,00001;gamma-Chlordan;mg/l;0,0001;0,00001;gamma-Chlordan;mg/l;0,0001;0,00001;gamma-Chlordan;mg/l;0,0001;0,00001;gamma-Chlordan;mg/l;0,0001;0,00001;gamma-Chlordan;mg/l;0,0001;<0,00001;gamma-Chlordan;mg/l;0,0001;<0,00001
46;oxi-Chlordan;mg/l;0,0001;0,00001;oxi-Chlordan;mg/l;0,0001;0,00001;oxi-Chlordan;mg/l;0,0001;0,00001;oxi-Chlordan;mg/l;0,0001;0,00001;oxi-Chlordan;mg/l;0,0001;0,00001;oxi-Chlordan;mg/l;0,0001;0,00001;oxi-Chlordan;mg/l;0,0001;<0,00001;oxi-Chlordan;mg/l;0,0001;<0,00001
47;Methoxychlor;mg/l;0,0001;0,00001;Methoxychlor;mg/l;0,0001;0,00001;Methoxychlor;mg/l;0,0001;0,00001;Methoxychlor;mg/l;0,0001;0,00001;Methoxychlor;mg/l;0,0001;0,00001;Methoxychlor;mg/l;0,0001;0,00001;Methoxychlor;mg/l;0,0001;<0,00001;Methoxychlor;mg/l;0,0001;<0,00001
48;2,6-Dichlorbenzamid;mg/l;0,0001;0,000025;2,6-Dichlorbenzamid;mg/l;0,0001;0,000025;2,6-Dichlorbenzamid;mg/l;0,0001;0,000025;2,6-Dichlorbenzamid;mg/l;0,0001;0,000025;2,6-Dichlorbenzamid;mg/l;0,0001;0,000025;2,6-Dichlorbenzamid;mg/l;0,0001;0,000025;2,6-Dichlorbenzamid;mg/l;0,0001;<0,000025;2,6-Dichlorbenzamid;mg/l;0,0001;<0,000025
49;Atrazin;mg/l;0,0001;0,000025;Atrazin;mg/l;0,0001;0,000025;Atrazin;mg/l;0,0001;0,000025;Atrazin;mg/l;0,0001;0,000025;Atrazin;mg/l;0,0001;0,000025;Atrazin;mg/l;0,0001;0,000025;Atrazin;mg/l;0,0001;<0,000025;Atrazin;mg/l;0,0001;<0,000025
50;Chloridazon;mg/l;0,0001;0,000025;Chloridazon;mg/l;0,0001;0,000025;Chloridazon;mg/l;0,0001;0,000025;Chloridazon;mg/l;0,0001;0,000025;Chloridazon;mg/l;0,0001;0,000025;Chloridazon;mg/l;0,0001;0,000025;Chloridazon;mg/l;0,0001;<0,000025;Chloridazon;mg/l;0,0001;<0,000025
51;Chlortoluron;mg/l;0,0001;0,000025;Chlortoluron;mg/l;0,0001;0,000025;Chlortoluron;mg/l;0,0001;0,000025;Chlortoluron;mg/l;0,0001;0,000025;Chlortoluron;mg/l;0,0001;0,000025;Chlortoluron;mg/l;0,0001;0,000025;Chlortoluron;mg/l;0,0001;<0,000025;Chlortoluron;mg/l;0,0001;<0,000025
52;Desethylatrazin;mg/l;0,0001;0,000025;Desethylatrazin;mg/l;0,0001;0,000025;Desethylatrazin;mg/l;0,0001;0,000025;Desethylatrazin;mg/l;0,0001;0,000025;Desethylatrazin;mg/l;0,0001;0,000025;Desethylatrazin;mg/l;0,0001;0,000025;Desethylatrazin;mg/l;0,0001;<0,000025;Desethylatrazin;mg/l;0,0001;<0,000025
53;Desethylterbuthylazin;mg/l;0,0001;0,00003;Desethylterbuthylazin;mg/l;0,0001;0,00003;Desethylterbuthylazin;mg/l;0,0001;0,00003;Desethylterbuthylazin;mg/l;0,0001;0,00003;Desethylterbuthylazin;mg/l;0,0001;0,00003;Desethylterbuthylazin;mg/l;0,0001;0,00003;Desethylterbuthylazin;mg/l;0,0001;<0,00003;Desethylterbuthylazin;mg/l;0,0001;<0,00003
54;Desisopropylatrazin;mg/l;0,0001;0,000025;Desisopropylatrazin;mg/l;0,0001;0,000025;Desisopropylatrazin;mg/l;0,0001;0,000025;Desisopropylatrazin;mg/l;0,0001;0,000025;Desisopropylatrazin;mg/l;0,0001;0,000025;Desisopropylatrazin;mg/l;0,0001;0,000025;Desisopropylatrazin;mg/l;0,0001;<0,000025;Desisopropylatrazin;mg/l;0,0001;<0,000025
55;Diuron;mg/l;0,0001;0,000025;Diuron;mg/l;0,0001;0,000025;Diuron;mg/l;0,0001;0,000025;Diuron;mg/l;0,0001;0,000025;Diuron;mg/l;0,0001;0,000025;Diuron;mg/l;0,0001;0,000025;Diuron;mg/l;0,0001;<0,000025;Diuron;mg/l;0,0001;<0,000025
56;Ethofumesat;mg/l;0,0001;0,000040;Ethofumesat;mg/l;0,0001;0,000040;Ethofumesat;mg/l;0,0001;0,000040;Ethofumesat;mg/l;0,0001;0,000040;Ethofumesat;mg/l;0,0001;0,000040;Ethofumesat;mg/l;0,0001;0,000040;Ethofumesat;mg/l;0,0001;<0,000040;Ethofumesat;mg/l;0,0001;<0,000040
57;Isoproturon;mg/l;0,0001;0,000025;Isoproturon;mg/l;0,0001;0,000025;Isoproturon;mg/l;0,0001;0,000025;Isoproturon;mg/l;0,0001;0,000025;Isoproturon;mg/l;0,0001;0,000025;Isoproturon;mg/l;0,0001;0,000025;Isoproturon;mg/l;0,0001;<0,000025;Isoproturon;mg/l;0,0001;<0,000025
58;Metamitron;mg/l;0,0001;0,000025;Metamitron;mg/l;0,0001;0,000025;Metamitron;mg/l;0,0001;0,000025;Metamitron;mg/l;0,0001;0,000025;Metamitron;mg/l;0,0001;0,000025;Metamitron;mg/l;0,0001;0,000025;Metamitron;mg/l;0,0001;<0,000025;Metamitron;mg/l;0,0001;<0,000025
59;Metazachlor;mg/l;0,0001;0,000025;Metazachlor;mg/l;0,0001;0,000025;Metazachlor;mg/l;0,0001;0,000025;Metazachlor;mg/l;0,0001;0,000025;Metazachlor;mg/l;0,0001;0,000025;Metazachlor;mg/l;0,0001;0,000025;Metazachlor;mg/l;0,0001;<0,000025;Metazachlor;mg/l;0,0001;<0,000025
60;Methyldesphenylchloridazon;mg/l;0,0001;0,000025;Methyldesphenylchloridazon;mg/l;0,0001;0,000025;Methyldesphenylchloridazon;mg/l;0,0001;0,000025;Methyldesphenylchloridazon;mg/l;0,0001;0,000025;Methyldesphenylchloridazon;mg/l;0,0001;0,000025;Methyldesphenylchloridazon;mg/l;0,0001;0,000025;Methyldesphenylchloridazon;mg/l;0,0001;<0,000025;Methyldesphenylchloridazon;mg/l;0,0001;<0,000025
61;Metolachlor;mg/l;0,0001;0,000025;Metolachlor;mg/l;0,0001;0,000025;Metolachlor;mg/l;0,0001;0,000025;Metolachlor;mg/l;0,0001;0,000025;Metolachlor;mg/l;0,0001;0,000025;Metolachlor;mg/l;0,0001;0,000025;Metolachlor;mg/l;0,0001;<0,000025;Metolachlor;mg/l;0,0001;<0,000025
62;Metribuzin;mg/l;0,0001;0,000025;Metribuzin;mg/l;0,0001;0,000025;Metribuzin;mg/l;0,0001;0,000025;Metribuzin;mg/l;0,0001;0,000025;Metribuzin;mg/l;0,0001;0,000025;Metribuzin;mg/l;0,0001;0,000025;Metribuzin;mg/l;0,0001;<0,000025;Metribuzin;mg/l;0,0001;<0,000025
63;Simazin;mg/l;0,0001;0,000025;Simazin;mg/l;0,0001;0,000025;Simazin;mg/l;0,0001;0,000025;Simazin;mg/l;0,0001;0,000025;Simazin;mg/l;0,0001;0,000025;Simazin;mg/l;0,0001;0,000025;Simazin;mg/l;0,0001;<0,000025;Simazin;mg/l;0,0001;<0,000025
64;Terbuthylazin;mg/l;0,0001;0,000025;Terbuthylazin;mg/l;0,0001;0,000025;Terbuthylazin;mg/l;0,0001;0,000025;Terbuthylazin;mg/l;0,0001;0,000025;Terbuthylazin;mg/l;0,0001;0,000025;Terbuthylazin;mg/l;0,0001;0,000025;Terbuthylazin;mg/l;0,0001;<0,000025;Terbuthylazin;mg/l;0,0001;<0,000025
65;Mecoprop;mg/l;0,0001;0,00002;Mecoprop;mg/l;0,0001;0,00002;Mecoprop;mg/l;0,0001;0,00002;Mecoprop;mg/l;0,0001;0,00002;Mecoprop;mg/l;0,0001;0,00002;Mecoprop;mg/l;0,0001;0,00002;Mecoprop;mg/l;0,0001;<0,00002;Mecoprop;mg/l;0,0001;<0,00002
66;MCPA;mg/l;0,0001;0,00002;MCPA;mg/l;0,0001;0,00002;MCPA;mg/l;0,0001;0,00002;MCPA;mg/l;0,0001;0,00002;MCPA;mg/l;0,0001;0,00002;MCPA;mg/l;0,0001;0,00002;MCPA;mg/l;0,0001;<0,00002;MCPA;mg/l;0,0001;<0,00002
67;Dichlorprop;mg/l;0,0001;0,00002;Dichlorprop;mg/l;0,0001;0,00002;Dichlorprop;mg/l;0,0001;0,00002;Dichlorprop;mg/l;0,0001;0,00002;Dichlorprop;mg/l;0,0001;0,00002;Dichlorprop;mg/l;0,0001;0,00002;Dichlorprop;mg/l;0,0001;<0,00002;Dichlorprop;mg/l;0,0001;<0,00002
68;2,4-D;mg/l;0,0001;0,00002;2,4-D;mg/l;0,0001;0,00002;2,4-D;mg/l;0,0001;0,00002;2,4-D;mg/l;0,0001;0,00002;2,4-D;mg/l;0,0001;0,00002;2,4-D;mg/l;0,0001;0,00002;2,4-D;mg/l;0,0001;<0,00002;2,4-D;mg/l;0,0001;<0,00002
69;p,p-DDA;mg/l;0,0001;0,000025;p,p-DDA;mg/l;0,0001;0,000025;p,p-DDA;mg/l;0,0001;0,000025;p,p-DDA;mg/l;0,0001;0,000025;p,p-DDA;mg/l;0,0001;0,000025;p,p-DDA;mg/l;0,0001;0,000025;p,p-DDA;mg/l;0,0001;<0,000025;p,p-DDA;mg/l;0,0001;<0,000025
70;o,p-DDA;mg/l;0,0001;0,000025;o,p-DDA;mg/l;0,0001;0,000025;o,p-DDA;mg/l;0,0001;0,000025;o,p-DDA;mg/l;0,0001;0,000025;o,p-DDA;mg/l;0,0001;0,000025;o,p-DDA;mg/l;0,0001;0,000025;o,p-DDA;mg/l;0,0001;<0,000025;o,p-DDA;mg/l;0,0001;<0,000025
71;Bentazon;mg/l;0,0001;0,00002;Bentazon;mg/l;0,0001;0,00002;Bentazon;mg/l;0,0001;0,00002;Bentazon;mg/l;0,0001;0,00002;Bentazon;mg/l;0,0001;0,00002;Bentazon;mg/l;0,0001;0,00002;Bentazon;mg/l;0,0001;<0,00002;Bentazon;mg/l;0,0001;<0,00002
72;Glyphosat;mg/l;0,0001;0,00002;Glyphosat;mg/l;0,0001;0,00002;Glyphosat;mg/l;0,0001;0,00002;Glyphosat;mg/l;0,0001;0,00002;Glyphosat;mg/l;0,0001;0,00002;Glyphosat;mg/l;0,0001;0,00002;Glyphosat;mg/l;0,0001;<0,00002;Glyphosat;mg/l;0,0001;<0,00002
73;Quecksilber;mg/l;0,001;0,0001;Quecksilber;mg/l;0,001;0,0001;Quecksilber;mg/l;0,001;0,0001;Quecksilber;mg/l;0,001;0,0001;Quecksilber;mg/l;0,001;0,0001;Quecksilber;mg/l;0,001;0,0001;Quecksilber;mg/l;0,001;<0,0001;Quecksilber;mg/l;0,001;<0,0001
74;Selen;mg/l;0,01;0,001;Selen;mg/l;0,01;0,001;Selen;mg/l;0,01;0,001;Selen;mg/l;0,01;0,001;Selen;mg/l;0,01;0,001;Selen;mg/l;0,01;0,001;Selen;mg/l;0,01;<0,001;Selen;mg/l;0,01;<0,001
75;Uran;mg/l;0,01;0,00030;Uran;mg/l;0,01;0,00011;Uran;mg/l;0,01;0,00044;Uran;mg/l;0,01;0,00014;Uran;mg/l;0,01;0,00023;Uran;mg/l;0,01;0,00030;Uran;mg/l;0,01;0,00008;Uran;mg/l;0,01;<0,00005
76;Antimon;mg/l;0,005;0,0005;Antimon;mg/l;0,005;0,0005;Antimon;mg/l;0,005;0,0005;Antimon;mg/l;0,005;0,0005;Antimon;mg/l;0,005;0,0005;Antimon;mg/l;0,005;0,0005;Antimon;mg/l;0,005;<0,0005;Antimon;mg/l;0,005;<0,0005
77;Arsen;mg/l;0,01;0,0003;Arsen;mg/l;0,01;0,0003;Arsen;mg/l;0,01;0,0019;Arsen;mg/l;0,01;0,00041;Arsen;mg/l;0,01;0,00033;Arsen;mg/l;0,01;0,0003;Arsen;mg/l;0,01;<0,0003;Arsen;mg/l;0,01;<0,0003
78;Benzo[a]pyren;mg/l;0,00001;0,000005;Benzo[a]pyren;mg/l;0,00001;0,000005;Benzo[a]pyren;mg/l;0,00001;0,000005;Benzo[a]pyren;mg/l;0,00001;0,000005;Benzo[a]pyren;mg/l;0,00001;0,000005;Benzo[a]pyren;mg/l;0,00001;0,000005;Benzo[a]pyren;mg/l;0,00001;<0,000005;Benzo[a]pyren;mg/l;0,00001;<0,000005
79;Blei;mg/l;0,010;0,00050;Blei;mg/l;0,010;0,00050;Blei;mg/l;0,010;0,00050;Blei;mg/l;0,010;0,00050;Blei;mg/l;0,010;0,00050;Blei;mg/l;0,010;0,00050;Blei;mg/l;0,010;<0,00050;Blei;mg/l;0,010;<0,00050
80;Cadmium;mg/l;0,003;0,0005;Cadmium;mg/l;0,003;0,0005;Cadmium;mg/l;0,003;0,0005;Cadmium;mg/l;0,003;0,0005;Cadmium;mg/l;0,003;0,0005;Cadmium;mg/l;0,003;0,0005;Cadmium;mg/l;0,003;<0,0005;Cadmium;mg/l;0,003;<0,0005
81;Kupfer;mg/l;2,0;0,005;Kupfer;mg/l;2,0;0,005;Kupfer;mg/l;2,0;0,005;Kupfer;mg/l;2,0;0,005;Kupfer;mg/l;2,0;0,005;Kupfer;mg/l;2,0;0,005;Kupfer;mg/l;2,0;<0,005;Kupfer;mg/l;2,0;<0,005
82;Nickel;mg/l;0,02;0,003;Nickel;mg/l;0,02;0,003;Nickel;mg/l;0,02;0,003;Nickel;mg/l;0,02;0,003;Nickel;mg/l;0,02;0,003;Nickel;mg/l;0,02;0,003;Nickel;mg/l;0,02;<0,003;Nickel;mg/l;0,02;<0,003
83;Nitrit;mg/l;0,10;0,03;Nitrit;mg/l;0,10;0,03;Nitrit;mg/l;0,10;0,03;Nitrit;mg/l;0,10;0,03;Nitrit;mg/l;0,10;0,03;Nitrit;mg/l;0,10;0,03;Nitrit;mg/l;0,10;<0,03;Nitrit;mg/l;0,10;<0,03
84;Trihalogenmethane;mg/l;0,01;0,0005;Trihalogenmethane;mg/l;0,01;0,0005;Trihalogenmethane;mg/l;0,01;0,0005;Trihalogenmethane;mg/l;0,01;0,0005;Trihalogenmethane;mg/l;0,01;0,0005;Trihalogenmethane;mg/l;0,01;0,0005;Trihalogenmethane;mg/l;0,01;<0,0005;Trihalogenmethane;mg/l;0,01;<0,0005
85;Vinylchlorid;mg/l;0,0005;0,0001;Vinylchlorid;mg/l;0,0005;0,0001;Vinylchlorid;mg/l;0,0005;0,0001;Vinylchlorid;mg/l;0,0005;0,0001;Vinylchlorid;mg/l;0,0005;0,0001;Vinylchlorid;mg/l;0,0005;0,0001;Vinylchlorid;mg/l;0,0005;<0,0001;Vinylchlorid;mg/l;0,0005;0,0001
86;Aluminium;mg/l;0,20;0,01;Aluminium;mg/l;0,20;0,01;Aluminium;mg/l;0,20;0,01;Aluminium;mg/l;0,20;0,01;Aluminium;mg/l;0,20;0,01;Aluminium;mg/l;0,20;0,01;Aluminium;mg/l;0,20;<0,01;Aluminium;mg/l;0,20;<0,01
87;Ammonium;mg/l;0,50;0,05;Ammonium;mg/l;0,50;0,05;Ammonium;mg/l;0,50;0,05;Ammonium;mg/l;0,50;0,05;Ammonium;mg/l;0,50;0,05;Ammonium;mg/l;0,50;0,05;Ammonium;mg/l;0,50;<0,05;Ammonium;mg/l;0,50;<0,05
88;Chlorid;mg/l;250;51;Chlorid;mg/l;250;90;Chlorid;mg/l;250;49;Chlorid;mg/l;250;43;Chlorid;mg/l;250;44;Chlorid;mg/l;250;47;Chlorid;mg/l;250;62;Chlorid;mg/l;250;44
89;Eisen;mg/l;0,20;0,03;Eisen;mg/l;0,20;0,03;Eisen;mg/l;0,20;0,03;Eisen;mg/l;0,20;0,03;Eisen;mg/l;0,20;0,03;Eisen;mg/l;0,20;0,03;Eisen;mg/l;0,20;<0,03;Eisen;mg/l;0,20;<0,03
90;Färbung;1/m;0,50;0,30;Färbung;1/m;0,50;0,24;Färbung;1/m;0,50;0,29;Färbung;1/m;0,50;0,41;Färbung;1/m;0,50;0,26;Färbung;1/m;0,50;0,20;Färbung;1/m;0,50;0,26;Färbung;1/m;0,50;0,28
91;Mangan;mg/l;0,050;0,005;Mangan;mg/l;0,050;0,005;Mangan;mg/l;0,050;0,005;Mangan;mg/l;0,050;0,005;Mangan;mg/l;0,050;0,005;Mangan;mg/l;0,050;0,005;Mangan;mg/l;0,050;<0,005;Mangan;mg/l;0,050;<0,005
92;Natrium;mg/l;200;34;Natrium;mg/l;200;66;Natrium;mg/l;200;36;Natrium;mg/l;200;29;Natrium;mg/l;200;28;Natrium;mg/l;200;24;Natrium;mg/l;200;46;Natrium;mg/l;200;33
93;Sulfat;mg/l;250;176;Sulfat;mg/l;250;150;Sulfat;mg/l;250;103;Sulfat;mg/l;250;66;Sulfat;mg/l;250;69;Sulfat;mg/l;250;107;Sulfat;mg/l;250;101;Sulfat;mg/l;250;98
94;Trübung;NTU;1,00;0,20;Trübung;NTU;1,00;0,20;Trübung;NTU;1,00;0,20;Trübung;NTU;1,00;0,20;Trübung;NTU;1,00;0,20;Trübung;NTU;1,00;0,20;Trübung;NTU;1,00;<0,20;Trübung;NTU;1,00;<0,20
95;freie Kohlensäure;mg/l;;;freie Kohlensäure;mg/l;;;freie Kohlensäure;mg/l;;;freie Kohlensäure;mg/l;;;freie Kohlensäure;mg/l;;;freie Kohlensäure;mg/l;;;freie Kohlensäure;mg/l;;11.9;freie Kohlensäure;mg/l;;11.9
96;Kieselsäure (SiO2);mg/l;;;Kieselsäure (SiO2);mg/l;;;Kieselsäure (SiO2);mg/l;;;Kieselsäure (SiO2);mg/l;;;Kieselsäure (SiO2);mg/l;;;Kieselsäure (SiO2);mg/l;;;Kieselsäure (SiO2);mg/l;;21;Kieselsäure (SiO2);mg/l;;21
97;SAK 254nm;mg/l;;;SAK 254nm;mg/l;;;SAK 254nm;mg/l;;;SAK 254nm;mg/l;;;SAK 254nm;mg/l;;;SAK 254nm;mg/l;;;SAK 254nm;mg/l;;7.9;SAK 254nm;mg/l;;7.9
98;1,1,1-Trichlorethan;µg/l;3;0,5;1,1,1-Trichlorethan;µg/l;3;0,5;1,1,1-Trichlorethan;µg/l;3;0,5;1,1,1-Trichlorethan;µg/l;3;0,5;1,1,1-Trichlorethan;µg/l;3;0,5;1,1,1-Trichlorethan;µg/l;3;0,5;1,1,1-Trichlorethan;µg/l;3;<0,5;1,1,1-Trichlorethan;µg/l;3;<0,5
99;Toluen;µg/l;0,3;0,5;Toluen;µg/l;0,3;0,5;Toluen;µg/l;0,3;0,5;Toluen;µg/l;0,3;0,5;Toluen;µg/l;0,3;0,5;Toluen;µg/l;0,3;0,5;Toluen;µg/l;0,3;<0,5;Toluen;µg/l;0,3;<0,5
100;1,2,3-Trichlorbenzen;µg/l;0,10;0,10;1,2,3-Trichlorbenzen;µg/l;0,10;0,10;1,2,3-Trichlorbenzen;µg/l;0,10;0,10;1,2,3-Trichlorbenzen;µg/l;0,10;0,10;1,2,3-Trichlorbenzen;µg/l;0,10;0,10;1,2,3-Trichlorbenzen;µg/l;0,10;0,5;1,2,3-Trichlorbenzen;µg/l;0,10;<0,10;1,2,3-Trichlorbenzen;µg/l;0,10;<0,10
101;1,2,4-Trichlorbenzen;µg/l;0,10;0,10;1,2,4-Trichlorbenzen;µg/l;0,10;0,10;1,2,4-Trichlorbenzen;µg/l;0,10;0,10;1,2,4-Trichlorbenzen;µg/l;0,10;0,10;1,2,4-Trichlorbenzen;µg/l;0,10;0,10;1,2,4-Trichlorbenzen;µg/l;0,10;0,5;1,2,4-Trichlorbenzen;µg/l;0,10;<0,10;1,2,4-Trichlorbenzen;µg/l;0,10;<0,10
102;1,3,5-Trichlorbenzen;µg/l;0,10;0,10;1,3,5-Trichlorbenzen;µg/l;0,10;0,10;1,3,5-Trichlorbenzen;µg/l;0,10;0,10;1,3,5-Trichlorbenzen;µg/l;0,10;0,10;1,3,5-Trichlorbenzen;µg/l;0,10;0,10;1,3,5-Trichlorbenzen;µg/l;0,10;0,5;1,3,5-Trichlorbenzen;µg/l;0,10;<0,10;1,3,5-Trichlorbenzen;µg/l;0,10;<0,10
103;1,2,3,5-Tetrachlorbenzen;µg/l;0,10;0,01;1,2,3,5-Tetrachlorbenzen;µg/l;0,10;0,01;1,2,3,5-Tetrachlorbenzen;µg/l;0,10;0,01;1,2,3,5-Tetrachlorbenzen;µg/l;0,10;0,01;1,2,3,5-Tetrachlorbenzen;µg/l;0,10;0,01;1,2,3,5-Tetrachlorbenzen;µg/l;0,10;0,5;1,2,3,5-Tetrachlorbenzen;µg/l;0,10;<0,01;1,2,3,5-Tetrachlorbenzen;µg/l;0,10;<0,10
104;1,2,3,4-Tetrachlorbenzen;µg/l;0,10;0,01;1,2,3,4-Tetrachlorbenzen;µg/l;0,10;0,01;1,2,3,4-Tetrachlorbenzen;µg/l;0,10;0,01;1,2,3,4-Tetrachlorbenzen;µg/l;0,10;0,01;1,2,3,4-Tetrachlorbenzen;µg/l;0,10;0,01;1,2,3,4-Tetrachlorbenzen;µg/l;0,10;0,5;1,2,3,4-Tetrachlorbenzen;µg/l;0,10;<0,01;1,2,3,4-Tetrachlorbenzen;µg/l;0,10;<0,01
105;Pentachlorbenzen;µg/l;0,10;0,01;Pentachlorbenzen;µg/l;0,10;0,01;Pentachlorbenzen;µg/l;0,10;0,01;Pentachlorbenzen;µg/l;0,10;0,01;Pentachlorbenzen;µg/l;0,10;0,01;Pentachlorbenzen;µg/l;0,10;0,5;Pentachlorbenzen;µg/l;0,10;<0,01;Pentachlorbenzen;µg/l;0,10;<0,01
106;Hexachlorbenzen;µg/l;0,10;0,01;Hexachlorbenzen;µg/l;0,10;0,01;Hexachlorbenzen;µg/l;0,10;0,01;Hexachlorbenzen;µg/l;0,10;0,01;Hexachlorbenzen;µg/l;0,10;0,01;Hexachlorbenzen;µg/l;0,10;0,5;Hexachlorbenzen;µg/l;0,10;<0,01;Hexachlorbenzen;µg/l;0,10;<0,01
107;Pentachloranisol;µg/l;0,10;0,01;Pentachloranisol;µg/l;0,10;0,01;Pentachloranisol;µg/l;0,10;0,01;Pentachloranisol;µg/l;0,10;0,01;Pentachloranisol;µg/l;0,10;0,01;Pentachloranisol;µg/l;0,10;0,5;Pentachloranisol;µg/l;0,10;<0,01;Pentachloranisol;µg/l;0,10;<0,01
108;EDTA;µg/l;10;5,3;EDTA;µg/l;10;8,8;EDTA;µg/l;10;5,1;EDTA;µg/l;10;2;EDTA;µg/l;10;2;EDTA;µg/l;10;2;EDTA;µg/l;10;<2;EDTA;µg/l;10;<2
109;Benzotriazol;µg/l;3;0,050;Benzotriazol;µg/l;3;0,050;Benzotriazol;µg/l;3;0,28;Benzotriazol;µg/l;3;0,050;Benzotriazol;µg/l;3;0,050;Benzotriazol;µg/l;3;0,050;Benzotriazol;µg/l;3;0,050;Benzotriazol;µg/l;3;<0,050
110;Tolyltriazole;µg/l;3;0,025;Tolyltriazole;µg/l;3;0,10;Tolyltriazole;µg/l;3;0,10;Tolyltriazole;µg/l;3;0,025;Tolyltriazole;µg/l;3;0,025;Tolyltriazole;µg/l;3;0,025;Tolyltriazole;µg/l;3;0,11;Tolyltriazole;µg/l;3;0,030
111;Aluminium;mg/l;0,20;0,01;Aluminium;mg/l;0,20;0,01;Aluminium;mg/l;0,20;0,01;Aluminium;mg/l;0,20;0,01;Aluminium;mg/l;0,20;0,01;Aluminium;mg/l;0,20;0,01;Aluminium;mg/l;0,20;<0,01;Aluminium;mg/l;0,20;<0,01
112;Ammonium;mg/l;0,50;0,05;Ammonium;mg/l;0,50;0,05;Ammonium;mg/l;0,50;0,05;Ammonium;mg/l;0,50;0,05;Ammonium;mg/l;0,50;0,05;Ammonium;mg/l;0,50;0,05;Ammonium;mg/l;0,50;<0,05;Ammonium;mg/l;0,50;<0,05
113;Eisen;mg/l;0,20;0,03;Eisen;mg/l;0,20;0,03;Eisen;mg/l;0,20;0,03;Eisen;mg/l;0,20;0,03;Eisen;mg/l;0,20;0,03;Eisen;mg/l;0,20;0,03;Eisen;mg/l;0,20;<0,03;Eisen;mg/l;0,20;<0,03
114;Färbung;1/m;0,50;0,26;Färbung;1/m;0,50;0,26;Färbung;1/m;0,50;0,26;Färbung;1/m;0,50;0,26;Färbung;1/m;0,50;0,26;Färbung;1/m;0,50;0,26;Färbung;1/m;0,50;0,26;Färbung;1/m;0,50;0,26
115;Mangan;mg/l;0,050;0,005;Mangan;mg/l;0,050;0,005;Mangan;mg/l;0,050;0,005;Mangan;mg/l;0,050;0,005;Mangan;mg/l;0,050;0,005;Mangan;mg/l;0,050;0,005;Mangan;mg/l;0,050;<0,005;Mangan;mg/l;0,050;<0,005
116;Natrium;mg/l;200;46;Natrium;mg/l;200;46;Natrium;mg/l;200;46;Natrium;mg/l;200;46;Natrium;mg/l;200;46;Natrium;mg/l;200;46;Natrium;mg/l;200;46;Natrium;mg/l;200;46
117;Sulfat;mg/l;250;101;Sulfat;mg/l;250;101;Sulfat;mg/l;250;101;Sulfat;mg/l;250;101;Sulfat;mg/l;250;101;Sulfat;mg/l;250;101;Sulfat;mg/l;250;101;Sulfat;mg/l;250;101
118;Trübung;NTU;1,00;0,20;Trübung;NTU;1,00;0,20;Trübung;NTU;1,00;0,20;Trübung;NTU;1,00;0,20;Trübung;NTU;1,00;0,20;Trübung;NTU;1,00;0,20;Trübung;NTU;1,00;<0,20;Trübung;NTU;1,00;<0,20
119;Tris-(chlorisopropyl)phosphat;µg/l;1;0,10;Tris-(chlorisopropyl)phosphat;µg/l;1;0,10;Tris-(chlorisopropyl)phosphat;µg/l;1;0,10;Tris-(chlorisopropyl)phosphat;µg/l;1;0,10;Tris-(chlorisopropyl)phosphat;µg/l;1;0,10;Tris-(chlorisopropyl)phosphat;µg/l;1;0,10;Tris-(chlorisopropyl)phosphat;µg/l;1;<0,10;Tris-(chlorisopropyl)phosphat;µg/l;1;<0,10
120;MTBE;µg/l;1;0,05;MTBE;µg/l;1;0,59;MTBE;µg/l;1;0,06;MTBE;µg/l;1;0,04;MTBE;µg/l;1;0,05;MTBE;µg/l;1;0,03;MTBE;µg/l;1;<0,03;MTBE;µg/l;1;<0,03
121;PFOA;µg/l;0,3;0,01;PFOA;µg/l;0,3;0,01;PFOA;µg/l;0,3;0,01;PFOA;µg/l;0,3;0,01;PFOA;µg/l;0,3;0,01;PFOA;µg/l;0,3;0,01;PFOA;µg/l;0,3;<0,01;PFOA;µg/l;0,3;<0,01
122;PFOS;µg/l;0,3;0,05;PFOS;µg/l;0,3;0,05;PFOS;µg/l;0,3;0,05;PFOS;µg/l;0,3;0,05;PFOS;µg/l;0,3;0,05;PFOS;µg/l;0,3;0,05;PFOS;µg/l;0,3;<0,05;PFOS;µg/l;0,3;<0,05
123;Atenolol;µg/l;0,1;0,03;Atenolol;µg/l;0,1;0,03;Atenolol;µg/l;0,1;0,03;Atenolol;µg/l;0,1;0,03;Atenolol;µg/l;0,1;0,03;Atenolol;µg/l;0,1;0,03;Atenolol;µg/l;0,1;<0,03;Atenolol;µg/l;0,1;<0,03
124;Diclofenac;µg/l;0,3;0,025;Diclofenac;µg/l;0,3;0,025;Diclofenac;µg/l;0,3;0,025;Diclofenac;µg/l;0,3;0,025;Diclofenac;µg/l;0,3;0,025;Diclofenac;µg/l;0,3;0,025;Diclofenac;µg/l;0,3;<0,025;Diclofenac;µg/l;0,3;<0,025
125;Phenazon*;µg/l;0,3;0,03;Phenazon*;µg/l;0,3;0,12;Phenazon*;µg/l;0,3;0,08;Phenazon*;µg/l;0,3;0,14;Phenazon*;µg/l;0,3;0,08;Phenazon*;µg/l;0,3;0,02;Phenazon*;µg/l;0,3;0,07;Phenazon*;µg/l;0,3;0,08
126;Propyphenazon*;µg/l;0,3;0,020;Propyphenazon*;µg/l;0,3;0,020;Propyphenazon*;µg/l;0,3;0,020;Propyphenazon*;µg/l;0,3;0,040;Propyphenazon*;µg/l;0,3;0,020;Propyphenazon*;µg/l;0,3;0,020;Propyphenazon*;µg/l;0,3;<0,020;Propyphenazon*;µg/l;0,3;<0,020
127;Carbamazepin;µg/l;0,3;0,025;Carbamazepin;µg/l;0,3;0,025;Carbamazepin;µg/l;0,3;0,14;Carbamazepin;µg/l;0,3;0,025;Carbamazepin;µg/l;0,3;0,025;Carbamazepin;µg/l;0,3;0,025;Carbamazepin;µg/l;0,3;<0,025;Carbamazepin;µg/l;0,3;<0,025
128;AMDOPH;µg/l;3;0,02;AMDOPH;µg/l;3;0,32;AMDOPH;µg/l;3;0,50;AMDOPH;µg/l;3;0,30;AMDOPH;µg/l;3;0,19;AMDOPH;µg/l;3;0,02;AMDOPH;µg/l;3;0,13;AMDOPH;µg/l;3;0,31
129;AMPH;µg/l;3;0,04;AMPH;µg/l;3;0,10;AMPH;µg/l;3;0,11;AMPH;µg/l;3;0,08;AMPH;µg/l;3;0,03;AMPH;µg/l;3;0,02;AMPH;µg/l;3;0,04;AMPH;µg/l;3;0,05
130;DP;µg/l;3;0,05;DP;µg/l;3;0,05;DP;µg/l;3;0,12;DP;µg/l;3;0,91;DP;µg/l;3;0,08;DP;µg/l;3;0,05;DP;µg/l;3;<0,05;DP;µg/l;3;<0,05
131;Primidon;µg/l;3;0,030;Primidon;µg/l;3;0,025;Primidon;µg/l;3;0,050;Primidon;µg/l;3;0,025;Primidon;µg/l;3;0,025;Primidon;µg/l;3;0,025;Primidon;µg/l;3;<0,025;Primidon;µg/l;3;<0,025
132;Phenobarbital;µg/l;0,3;0,030;Phenobarbital;µg/l;0,3;0,030;Phenobarbital;µg/l;0,3;0,030;Phenobarbital;µg/l;0,3;0,030;Phenobarbital;µg/l;0,3;0,030;Phenobarbital;µg/l;0,3;0,030;Phenobarbital;µg/l;0,3;<0,030;Phenobarbital;µg/l;0,3;<0,030
133;Sulfamethoxazol;µg/l;0,1;0,020;Sulfamethoxazol;µg/l;0,1;0,020;Sulfamethoxazol;µg/l;0,1;0,020;Sulfamethoxazol;µg/l;0,1;0,020;Sulfamethoxazol;µg/l;0,1;0,020;Sulfamethoxazol;µg/l;0,1;0,020;Sulfamethoxazol;µg/l;0,1;<0,020;Sulfamethoxazol;µg/l;0,1;<0,020
134;Metformin;µg/l;1;0,02;Metformin;µg/l;1;0,02;Metformin;µg/l;1;0,02;Metformin;µg/l;1;0,02;Metformin;µg/l;1;0,02;Metformin;µg/l;1;0,02;Metformin;µg/l;1;<0,02;Metformin;µg/l;1;<0,02
135;Gabapentin;µg/l;1;0,05;Gabapentin;µg/l;1;0,09;Gabapentin;µg/l;1;0,40;Gabapentin;µg/l;1;0,05;Gabapentin;µg/l;1;0,05;Gabapentin;µg/l;1;0,05;Gabapentin;µg/l;1;0,08;Gabapentin;µg/l;1;0,07
136;Valsartansäure;µg/l;1,5*;0,01;Valsartansäure;µg/l;1,5*;0,21;Valsartansäure;µg/l;1,5*;0,78;Valsartansäure;µg/l;1,5*;0,08;Valsartansäure;µg/l;1,5*;0,03;Valsartansäure;µg/l;1,5*;0,01;Valsartansäure;µg/l;1,5*;0,24;Valsartansäure;µg/l;1,5*;0,11
137;Valsartan;µg/l;0,3;0,03;Valsartan;µg/l;0,3;0,03;Valsartan;µg/l;0,3;0,03;Valsartan;µg/l;0,3;0,03;Valsartan;µg/l;0,3;0,03;Valsartan;µg/l;0,3;0,03;Valsartan;µg/l;0,3;<0,03;Valsartan;µg/l;0,3;<0,03
138;Iopamidol;µg/l;1;0,02;Iopamidol;µg/l;1;0,08;Iopamidol;µg/l;1;0,27;Iopamidol;µg/l;1;0,02;Iopamidol;µg/l;1;0,02;Iopamidol;µg/l;1;0,02;Iopamidol;µg/l;1;0,05;Iopamidol;µg/l;1;<0,02
139;Iomeprol;µg/l;1;0,02;Iomeprol;µg/l;1;0,02;Iomeprol;µg/l;1;0,02;Iomeprol;µg/l;1;0,02;Iomeprol;µg/l;1;0,02;Iomeprol;µg/l;1;0,02;Iomeprol;µg/l;1;<0,02;Iomeprol;µg/l;1;<0,02
140;Iopromid;µg/l;1;0,02;Iopromid;µg/l;1;0,02;Iopromid;µg/l;1;0,02;Iopromid;µg/l;1;0,02;Iopromid;µg/l;1;0,02;Iopromid;µg/l;1;0,02;Iopromid;µg/l;1;<0,02;Iopromid;µg/l;1;<0,02
141;Amidotrizoesäure;µg/l;1;0,02;Amidotrizoesäure;µg/l;1;0,02;Amidotrizoesäure;µg/l;1;0,02;Amidotrizoesäure;µg/l;1;0,02;Amidotrizoesäure;µg/l;1;0,02;Amidotrizoesäure;µg/l;1;0,02;Amidotrizoesäure;µg/l;1;<0,02;Amidotrizoesäure;µg/l;1;<0,02
142;AMPA;mg/l;;0,0001;AMPA;mg/l;;0,0001;AMPA;mg/l;;0,0001;AMPA;mg/l;;0,0001;AMPA;mg/l;;0,0001;AMPA;mg/l;;0,0001;AMPA;mg/l;;<0,0001;AMPA;mg/l;;<0,0001
143;Tetrachlorethen;mg/l;;0,0001;Tetrachlorethen;mg/l;;0,0001;Tetrachlorethen;mg/l;;0,0001;Tetrachlorethen;mg/l;;0,0001;Tetrachlorethen;mg/l;;0,0001;Tetrachlorethen;mg/l;;0,0001;Tetrachlorethen;mg/l;;<0,0001;Tetrachlorethen;mg/l;;<0,0001
144;Trichlorethen;mg/l;;0,0001;Trichlorethen;mg/l;;0,0001;Trichlorethen;mg/l;;0,0001;Trichlorethen;mg/l;;0,0001;Trichlorethen;mg/l;;0,0001;Trichlorethen;mg/l;;0,0001;Trichlorethen;mg/l;;<0,0001;Trichlorethen;mg/l;;<0,0001
145;Benzo[b]fluoranthen;mg/l;;0,00001;Benzo[b]fluoranthen;mg/l;;0,00001;Benzo[b]fluoranthen;mg/l;;0,00001;Benzo[b]fluoranthen;mg/l;;0,00001;Benzo[b]fluoranthen;mg/l;;0,00001;Benzo[b]fluoranthen;mg/l;;0,00001;Benzo[b]fluoranthen;mg/l;;<0,00001;Benzo[b]fluoranthen;mg/l;;<0,00001
146;Benzo[k]fluoranthen;mg/l;;0,00001;Benzo[k]fluoranthen;mg/l;;0,00001;Benzo[k]fluoranthen;mg/l;;0,00001;Benzo[k]fluoranthen;mg/l;;0,00001;Benzo[k]fluoranthen;mg/l;;0,00001;Benzo[k]fluoranthen;mg/l;;0,00001;Benzo[k]fluoranthen;mg/l;;<0,00001;Benzo[k]fluoranthen;mg/l;;<0,00001
147;Benzo[g,h,i]perylen;mg/l;;0,00001;Benzo[g,h,i]perylen;mg/l;;0,00001;Benzo[g,h,i]perylen;mg/l;;0,00001;Benzo[g,h,i]perylen;mg/l;;0,00001;Benzo[g,h,i]perylen;mg/l;;0,00001;Benzo[g,h,i]perylen;mg/l;;0,00001;Benzo[g,h,i]perylen;mg/l;;<0,00001;Benzo[g,h,i]perylen;mg/l;;<0,00001
148;Indeno[1,2,3-c,d]pyren;mg/l;;0,00001;Indeno[1,2,3-c,d]pyren;mg/l;;0,00001;Indeno[1,2,3-c,d]pyren;mg/l;;0,00001;Indeno[1,2,3-c,d]pyren;mg/l;;0,00001;Indeno[1,2,3-c,d]pyren;mg/l;;0,00001;Indeno[1,2,3-c,d]pyren;mg/l;;0,00001;Indeno[1,2,3-c,d]pyren;mg/l;;<0,00001;Indeno[1,2,3-c,d]pyren;mg/l;;<0,00001
149;Trichlormethan;mg/l;;0,0005;Trichlormethan;mg/l;;0,0005;Trichlormethan;mg/l;;0,0005;Trichlormethan;mg/l;;0,0005;Trichlormethan;mg/l;;0,0005;Trichlormethan;mg/l;;0,0005;Trichlormethan;mg/l;;<0,0005;Trichlormethan;mg/l;;<0,0005
150;Bromdichlormethan;mg/l;;0,0005;Bromdichlormethan;mg/l;;0,0005;Bromdichlormethan;mg/l;;0,0005;Bromdichlormethan;mg/l;;0,0005;Bromdichlormethan;mg/l;;0,0005;Bromdichlormethan;mg/l;;0,0005;Bromdichlormethan;mg/l;;<0,0005;Bromdichlormethan;mg/l;;<0,0005
151;Dibromchlormethan;mg/l;;0,0005;Dibromchlormethan;mg/l;;0,0005;Dibromchlormethan;mg/l;;0,0005;Dibromchlormethan;mg/l;;0,0005;Dibromchlormethan;mg/l;;0,0005;Dibromchlormethan;mg/l;;0,0005;Dibromchlormethan;mg/l;;<0,0005;Dibromchlormethan;mg/l;;<0,0005
152;Tribrommethan;mg/l;;0,0005;Tribrommethan;mg/l;;0,0005;Tribrommethan;mg/l;;0,0005;Tribrommethan;mg/l;;0,0005;Tribrommethan;mg/l;;0,0005;Tribrommethan;mg/l;;0,0005;Tribrommethan;mg/l;;<0,0005;Tribrommethan;mg/l;;<0,0005
153;TOC;mg/l;;4,5;TOC;mg/l;;3,9;TOC;mg/l;;4,6;TOC;mg/l;;5,1;TOC;mg/l;;4,9;TOC;mg/l;;2,4;TOC;mg/l;;3,2;TOC;mg/l;;3,3
154;Temperatur;°C;;11,3;Temperatur;°C;;12,2;Temperatur;°C;;12,7;Temperatur;°C;;11,4;Temperatur;°C;;12,4;Temperatur;°C;;11,5;Temperatur;°C;;12,3;Temperatur;°C;;12
155;Sauerstoff;mg/l;;9,6;Sauerstoff;mg/l;;9,6;Sauerstoff;mg/l;;8,4;Sauerstoff;mg/l;;10,0;Sauerstoff;mg/l;;9,2;Sauerstoff;mg/l;;7,6;Sauerstoff;mg/l;;9,6;Sauerstoff;mg/l;;8,7
156;Sättigungs-pH;-;;7,2;Sättigungs-pH;-;;7,2;Sättigungs-pH;-;;7,4;Sättigungs-pH;-;;7,4;Sättigungs-pH;-;;7,4;Sättigungs-pH;-;;7,2;Sättigungs-pH;-;;7,3;Sättigungs-pH;-;;7,4
157;Karbonathärte;°dH;;13,3;Karbonathärte;°dH;;13,3;Karbonathärte;°dH;;10,0;Karbonathärte;°dH;;11,0;Karbonathärte;°dH;;10,8;Karbonathärte;°dH;;12,3;Karbonathärte;°dH;;11,3;Karbonathärte;°dH;;10,8
158;Gesamthärte;°dH;;22,9;Gesamthärte;°dH;;20,9;Gesamthärte;°dH;;14,9;Gesamthärte;°dH;;14,7;Gesamthärte;°dH;;14,7;Gesamthärte;°dH;;18,8;Gesamthärte;°dH;;16,2;Gesamthärte;°dH;;15,5
159;Calcium;mg/l;;138;Calcium;mg/l;;132;Calcium;mg/l;;91;Calcium;mg/l;;89;Calcium;mg/l;;93;Calcium;mg/l;;113;Calcium;mg/l;;101;Calcium;mg/l;;97
160;Magnesium;mg/l;;15,2;Magnesium;mg/l;;10,8;Magnesium;mg/l;;9,1;Magnesium;mg/l;;9,7;Magnesium;mg/l;;7,8;Magnesium;mg/l;;12,9;Magnesium;mg/l;;9,1;Magnesium;mg/l;;8,3
161;Kalium;mg/l;;8,1;Kalium;mg/l;;4,6;Kalium;mg/l;;7,5;Kalium;mg/l;;3,7;Kalium;mg/l;;3,5;Kalium;mg/l;;5,2;Kalium;mg/l;;3,3;Kalium;mg/l;;2,9
162;AOX;µg/l;;10;AOX;µg/l;;10;AOX;µg/l;;10;AOX;µg/l;;10;AOX;µg/l;;10;AOX;µg/l;;10;AOX;µg/l;;<10;AOX;µg/l;;<10
163;Zink;µg/l;;10;Zink;µg/l;;10;Zink;µg/l;;10;Zink;µg/l;;10;Zink;µg/l;;10;Zink;µg/l;;10;Zink;µg/l;;<10;Zink;µg/l;;<10
164;Dichlormethan;µg/l;;0,5;Dichlormethan;µg/l;;0,5;Dichlormethan;µg/l;;0,5;Dichlormethan;µg/l;;0,5;Dichlormethan;µg/l;;0,5;Dichlormethan;µg/l;;0,5;Dichlormethan;µg/l;;<0,5;Dichlormethan;µg/l;;<0,5
165;Tetrachlormethan;µg/l;;0,5;Tetrachlormethan;µg/l;;0,5;Tetrachlormethan;µg/l;;0,5;Tetrachlormethan;µg/l;;0,5;Tetrachlormethan;µg/l;;0,5;Tetrachlormethan;µg/l;;0,5;Tetrachlormethan;µg/l;;<0,5;Tetrachlormethan;µg/l;;<0,5
166;trans-Dichlorethen;µg/l;;0,5;trans-Dichlorethen;µg/l;;0,5;trans-Dichlorethen;µg/l;;0,5;trans-Dichlorethen;µg/l;;0,5;trans-Dichlorethen;µg/l;;0,5;trans-Dichlorethen;µg/l;;0,5;trans-Dichlorethen;µg/l;;<0,5;trans-Dichlorethen;µg/l;;<0,5
167;cis-Dichlorethen;µg/l;;0,1;cis-Dichlorethen;µg/l;;0,1;cis-Dichlorethen;µg/l;;0,1;cis-Dichlorethen;µg/l;;0,2;cis-Dichlorethen;µg/l;;0,1;cis-Dichlorethen;µg/l;;0,1;cis-Dichlorethen;µg/l;;<0,1;cis-Dichlorethen;µg/l;;0,2
168;Hexachlorbutadien;µg/l;;0,01;Hexachlorbutadien;µg/l;;0,01;Hexachlorbutadien;µg/l;;0,01;Hexachlorbutadien;µg/l;;0,01;Hexachlorbutadien;µg/l;;0,01;Hexachlorbutadien;µg/l;;0,01;Hexachlorbutadien;µg/l;;<0,01;Hexachlorbutadien;µg/l;;<0,01
169;1,2-Dichlorpropan;µg/l;;0,1;1,2-Dichlorpropan;µg/l;;0,1;1,2-Dichlorpropan;µg/l;;0,1;1,2-Dichlorpropan;µg/l;;0,1;1,2-Dichlorpropan;µg/l;;0,1;1,2-Dichlorpropan;µg/l;;0,1;1,2-Dichlorpropan;µg/l;;<0,1;1,2-Dichlorpropan;µg/l;;<0,1
170;Ethylbenzen;µg/l;;0,5;Ethylbenzen;µg/l;;0,5;Ethylbenzen;µg/l;;0,5;Ethylbenzen;µg/l;;0,5;Ethylbenzen;µg/l;;0,5;Ethylbenzen;µg/l;;0,5;Ethylbenzen;µg/l;;<0,5;Ethylbenzen;µg/l;;<0,5
171;m,p-Xylen;µg/l;;0,5;m,p-Xylen;µg/l;;0,5;m,p-Xylen;µg/l;;0,5;m,p-Xylen;µg/l;;0,5;m,p-Xylen;µg/l;;0,5;m,p-Xylen;µg/l;;0,5;m,p-Xylen;µg/l;;<0,5;m,p-Xylen;µg/l;;<0,5
172;o-Xylen;µg/l;;0,5;o-Xylen;µg/l;;0,5;o-Xylen;µg/l;;0,5;o-Xylen;µg/l;;0,5;o-Xylen;µg/l;;0,5;o-Xylen;µg/l;;0,5;o-Xylen;µg/l;;<0,5;o-Xylen;µg/l;;<0,5
173;Cumen;µg/l;;0,5;Cumen;µg/l;;0,5;Cumen;µg/l;;0,5;Cumen;µg/l;;0,5;Cumen;µg/l;;0,5;Cumen;µg/l;;0,5;Cumen;µg/l;;<0,5;Cumen;µg/l;;<0,5
174;Chlorbenzen;µg/l;;0,1;Chlorbenzen;µg/l;;0,1;Chlorbenzen;µg/l;;0,1;Chlorbenzen;µg/l;;0,1;Chlorbenzen;µg/l;;0,1;Chlorbenzen;µg/l;;0,5;Chlorbenzen;µg/l;;<0,1;Chlorbenzen;µg/l;;<0,1
175;1,3-Dichlorbenzen;µg/l;;0,5;1,3-Dichlorbenzen;µg/l;;0,5;1,3-Dichlorbenzen;µg/l;;0,5;1,3-Dichlorbenzen;µg/l;;0,5;1,3-Dichlorbenzen;µg/l;;0,5;1,3-Dichlorbenzen;µg/l;;0,5;1,3-Dichlorbenzen;µg/l;;<0,5;1,3-Dichlorbenzen;µg/l;;<0,5
176;1,4-Dichlorbenzen;µg/l;;0,5;1,4-Dichlorbenzen;µg/l;;0,5;1,4-Dichlorbenzen;µg/l;;0,5;1,4-Dichlorbenzen;µg/l;;0,5;1,4-Dichlorbenzen;µg/l;;0,5;1,4-Dichlorbenzen;µg/l;;0,5;1,4-Dichlorbenzen;µg/l;;<0,5;1,4-Dichlorbenzen;µg/l;;<0,5
177;1,2-Dichlorbenzen;µg/l;;0,5;1,2-Dichlorbenzen;µg/l;;0,5;1,2-Dichlorbenzen;µg/l;;0,5;1,2-Dichlorbenzen;µg/l;;0,5;1,2-Dichlorbenzen;µg/l;;0,5;1,2-Dichlorbenzen;µg/l;;0,5;1,2-Dichlorbenzen;µg/l;;<0,5;1,2-Dichlorbenzen;µg/l;;<0,5
178;NTA;µg/l;;2;NTA;µg/l;;2;NTA;µg/l;;2;NTA;µg/l;;2;NTA;µg/l;;2;NTA;µg/l;;2;NTA;µg/l;;<2;NTA;µg/l;;<2
179;Phenylsulfonylsarcosin;µg/l;;0,02;Phenylsulfonylsarcosin;µg/l;;0,02;Phenylsulfonylsarcosin;µg/l;;0,02;Phenylsulfonylsarcosin;µg/l;;0,02;Phenylsulfonylsarcosin;µg/l;;0,02;Phenylsulfonylsarcosin;µg/l;;0,02;Phenylsulfonylsarcosin;µg/l;;<0,02;Phenylsulfonylsarcosin;µg/l;;<0,02
180;TOC;mg/l;;3,2;TOC;mg/l;;3,2;TOC;mg/l;;3,2;TOC;mg/l;;3,2;TOC;mg/l;;3,2;TOC;mg/l;;3,2;TOC;mg/l;;3,2;TOC;mg/l;;3,2
181;Tributylphosphat;µg/l;;0,10;Tributylphosphat;µg/l;;0,10;Tributylphosphat;µg/l;;0,10;Tributylphosphat;µg/l;;0,10;Tributylphosphat;µg/l;;0,10;Tributylphosphat;µg/l;;0,10;Tributylphosphat;µg/l;;<0,10;Tributylphosphat;µg/l;;<0,10
182;Triphenylphosphat;µg/l;;0,10;Triphenylphosphat;µg/l;;0,10;Triphenylphosphat;µg/l;;0,10;Triphenylphosphat;µg/l;;0,10;Triphenylphosphat;µg/l;;0,10;Triphenylphosphat;µg/l;;0,10;Triphenylphosphat;µg/l;;<0,10;Triphenylphosphat;µg/l;;<0,10
183;Tris-(2-chlorethyl)phosphat;µg/l;;0,10;Tris-(2-chlorethyl)phosphat;µg/l;;0,10;Tris-(2-chlorethyl)phosphat;µg/l;;0,10;Tris-(2-chlorethyl)phosphat;µg/l;;0,10;Tris-(2-chlorethyl)phosphat;µg/l;;0,10;Tris-(2-chlorethyl)phosphat;µg/l;;0,10;Tris-(2-chlorethyl)phosphat;µg/l;;<0,10;Tris-(2-chlorethyl)phosphat;µg/l;;<0,10
184;ETBE;µg/l;;0,03;ETBE;µg/l;;0,03;ETBE;µg/l;;0,03;ETBE;µg/l;;0,03;ETBE;µg/l;;0,03;ETBE;µg/l;;0,03;ETBE;µg/l;;<0,03;ETBE;µg/l;;<0,03
185;TBA;µg/l;;1,0;TBA;µg/l;;1,0;TBA;µg/l;;1,0;TBA;µg/l;;1,0;TBA;µg/l;;1,0;TBA;µg/l;;1,0;TBA;µg/l;;<1,0;TBA;µg/l;;<1,0
186;Clofibrinsäure;µg/l;;0,025;Clofibrinsäure;µg/l;;0,025;Clofibrinsäure;µg/l;;0,025;Clofibrinsäure;µg/l;;0,025;Clofibrinsäure;µg/l;;0,025;Clofibrinsäure;µg/l;;0,025;Clofibrinsäure;µg/l;;<0,025;Clofibrinsäure;µg/l;;<0,025
187;Bezafibrat;µg/l;;0,01;Bezafibrat;µg/l;;0,01;Bezafibrat;µg/l;;0,01;Bezafibrat;µg/l;;0,01;Bezafibrat;µg/l;;0,01;Bezafibrat;µg/l;;0,01;Bezafibrat;µg/l;;<0,01;Bezafibrat;µg/l;;<0,01
188;Carbamazepin-10,11-diol;µg/l;;0,03;Carbamazepin-10,11-diol;µg/l;;0,04;Carbamazepin-10,11-diol;µg/l;;0,13;Carbamazepin-10,11-diol;µg/l;;0,02;Carbamazepin-10,11-diol;µg/l;;0,02;Carbamazepin-10,11-diol;µg/l;;0,02;Carbamazepin-10,11-diol;µg/l;;0,04;Carbamazepin-10,11-diol;µg/l;;0,02
189;Acridin-9-carbonsäure;µg/l;;0,05;Acridin-9-carbonsäure;µg/l;;0,05;Acridin-9-carbonsäure;µg/l;;0,10;Acridin-9-carbonsäure;µg/l;;0,05;Acridin-9-carbonsäure;µg/l;;0,05;Acridin-9-carbonsäure;µg/l;;0,05;Acridin-9-carbonsäure;µg/l;;<0,05;Acridin-9-carbonsäure;µg/l;;<0,05
190;Dimethylaminophenazon;µg/l;;0,02;Dimethylaminophenazon;µg/l;;0,02;Dimethylaminophenazon;µg/l;;0,02;Dimethylaminophenazon;µg/l;;0,02;Dimethylaminophenazon;µg/l;;0,02;Dimethylaminophenazon;µg/l;;0,02;Dimethylaminophenazon;µg/l;;<0,02;Dimethylaminophenazon;µg/l;;<0,02
191;AAA;µg/l;;0,02;AAA;µg/l;;0,02;AAA;µg/l;;0,02;AAA;µg/l;;0,02;AAA;µg/l;;0,02;AAA;µg/l;;0,02;AAA;µg/l;;<0,02;AAA;µg/l;;<0,02
192;N-Acetyl-sulfamethoxazol;µg/l;;0,02;N-Acetyl-sulfamethoxazol;µg/l;;0,02;N-Acetyl-sulfamethoxazol;µg/l;;0,02;N-Acetyl-sulfamethoxazol;µg/l;;0,02;N-Acetyl-sulfamethoxazol;µg/l;;0,02;N-Acetyl-sulfamethoxazol;µg/l;;0,02;N-Acetyl-sulfamethoxazol;µg/l;;<0,02;N-Acetyl-sulfamethoxazol;µg/l;;<0,02
193;FAA;µg/l;;0,10;FAA;µg/l;;0,05;FAA;µg/l;;0,03;FAA;µg/l;;0,02;FAA;µg/l;;0,02;FAA;µg/l;;0,02;FAA;µg/l;;0,03;FAA;µg/l;;<0,02
194;Koffein;µg/l;;0,10;Koffein;µg/l;;0,10;Koffein;µg/l;;0,10;Koffein;µg/l;;0,10;Koffein;µg/l;;0,10;Koffein;µg/l;;0,10;Koffein;µg/l;;<0,10;Koffein;µg/l;;<0,10
195;Metoprolol;µg/l;;0,025;Metoprolol;µg/l;;0,025;Metoprolol;µg/l;;0,025;Metoprolol;µg/l;;0,025;Metoprolol;µg/l;;0,025;Metoprolol;µg/l;;0,025;Metoprolol;µg/l;;<0,025;Metoprolol;µg/l;;<0,025
196;Phenylethylmalonamid;µg/l;;0,03;Phenylethylmalonamid;µg/l;;0,03;Phenylethylmalonamid;µg/l;;0,04;Phenylethylmalonamid;µg/l;;0,03;Phenylethylmalonamid;µg/l;;0,03;Phenylethylmalonamid;µg/l;;0,01;Phenylethylmalonamid;µg/l;;<0,03;Phenylethylmalonamid;µg/l;;<0,03
197;Pregabalin;µg/l;;0,01;Pregabalin;µg/l;;0,01;Pregabalin;µg/l;;0,01;Pregabalin;µg/l;;0,01;Pregabalin;µg/l;;0,01;Pregabalin;µg/l;;0,01;Pregabalin;µg/l;;<0,01;Pregabalin;µg/l;;<0,01
198;Oxipurinol;µg/l;;0,05;Oxipurinol;µg/l;;0,05;Oxipurinol;µg/l;;0,43;Oxipurinol;µg/l;;0,05;Oxipurinol;µg/l;;0,05;Oxipurinol;µg/l;;0,05;Oxipurinol;µg/l;;<0,05;Oxipurinol;µg/l;;<0,05
199;Candesartan;µg/l;;0,01;Candesartan;µg/l;;0,01;Candesartan;µg/l;;0,10;Candesartan;µg/l;;0,01;Candesartan;µg/l;;0,01;Candesartan;µg/l;;0,01;Candesartan;µg/l;;0,02;Candesartan;µg/l;;<0,01
200;Olmesartan;µg/l;;0,01;Olmesartan;µg/l;;0,01;Olmesartan;µg/l;;0,10;Olmesartan;µg/l;;0,01;Olmesartan;µg/l;;0,01;Olmesartan;µg/l;;0,01;Olmesartan;µg/l;;0,02;Olmesartan;µg/l;;<0,01
201;Irbesartan;µg/l;;0,02;Irbesartan;µg/l;;0,02;Irbesartan;µg/l;;0,02;Irbesartan;µg/l;;0,02;Irbesartan;µg/l;;0,02;Irbesartan;µg/l;;0,02;Irbesartan;µg/l;;<0,02;Irbesartan;µg/l;;<0,02
202;Losartan;µg/l;;0,03;Losartan;µg/l;;0,03;Losartan;µg/l;;0,03;Losartan;µg/l;;0,03;Losartan;µg/l;;0,03;Losartan;µg/l;;0,03;Losartan;µg/l;;<0,03;Losartan;µg/l;;<0,03
203;DEET;µg/l;;0,03;DEET;µg/l;;0,03;DEET;µg/l;;0,03;DEET;µg/l;;0,03;DEET;µg/l;;0,03;DEET;µg/l;;0,03;DEET;µg/l;;<0,03;DEET;µg/l;;<0,03
